<TextureAtlas imagePath="sprites.png">
	<SubTexture name="runeBlue_slabOutline_001.png" x="168" y="186" width="56" height="93"/>
	<SubTexture name="runeBlue_slabOutline_002.png" x="336" y="372" width="56" height="93"/>
	<SubTexture name="runeBlue_slabOutline_003.png" x="336" y="279" width="56" height="93"/>
	<SubTexture name="runeBlue_slabOutline_004.png" x="336" y="186" width="56" height="93"/>
	<SubTexture name="runeBlue_slabOutline_005.png" x="336" y="93" width="56" height="93"/>
	<SubTexture name="runeBlue_slabOutline_006.png" x="336" y="0" width="56" height="93"/>
	<SubTexture name="runeBlue_slabOutline_007.png" x="280" y="372" width="56" height="93"/>
	<SubTexture name="runeBlue_slabOutline_008.png" x="280" y="279" width="56" height="93"/>
	<SubTexture name="runeBlue_slabOutline_009.png" x="280" y="186" width="56" height="93"/>
	<SubTexture name="runeBlue_slabOutline_010.png" x="280" y="93" width="56" height="93"/>
	<SubTexture name="runeBlue_slabOutline_011.png" x="280" y="0" width="56" height="93"/>
	<SubTexture name="runeBlue_slabOutline_012.png" x="224" y="372" width="56" height="93"/>
	<SubTexture name="runeBlue_slabOutline_013.png" x="224" y="279" width="56" height="93"/>
	<SubTexture name="runeBlue_slabOutline_014.png" x="224" y="186" width="56" height="93"/>
	<SubTexture name="runeBlue_slabOutline_015.png" x="224" y="93" width="56" height="93"/>
	<SubTexture name="runeBlue_slabOutline_016.png" x="224" y="0" width="56" height="93"/>
	<SubTexture name="runeBlue_slabOutline_017.png" x="168" y="372" width="56" height="93"/>
	<SubTexture name="runeBlue_slabOutline_018.png" x="168" y="279" width="56" height="93"/>
	<SubTexture name="runeBlue_slabOutline_019.png" x="392" y="0" width="56" height="93"/>
	<SubTexture name="runeBlue_slabOutline_020.png" x="168" y="93" width="56" height="93"/>
	<SubTexture name="runeBlue_slabOutline_021.png" x="168" y="0" width="56" height="93"/>
	<SubTexture name="runeBlue_slabOutline_022.png" x="112" y="372" width="56" height="93"/>
	<SubTexture name="runeBlue_slabOutline_023.png" x="112" y="279" width="56" height="93"/>
	<SubTexture name="runeBlue_slabOutline_024.png" x="112" y="186" width="56" height="93"/>
	<SubTexture name="runeBlue_slabOutline_025.png" x="112" y="93" width="56" height="93"/>
	<SubTexture name="runeBlue_slabOutline_026.png" x="112" y="0" width="56" height="93"/>
	<SubTexture name="runeBlue_slabOutline_027.png" x="56" y="372" width="56" height="93"/>
	<SubTexture name="runeBlue_slabOutline_028.png" x="56" y="279" width="56" height="93"/>
	<SubTexture name="runeBlue_slabOutline_029.png" x="56" y="186" width="56" height="93"/>
	<SubTexture name="runeBlue_slabOutline_030.png" x="56" y="93" width="56" height="93"/>
	<SubTexture name="runeBlue_slabOutline_031.png" x="56" y="0" width="56" height="93"/>
	<SubTexture name="runeBlue_slabOutline_032.png" x="0" y="372" width="56" height="93"/>
	<SubTexture name="runeBlue_slabOutline_033.png" x="0" y="279" width="56" height="93"/>
	<SubTexture name="runeBlue_slabOutline_034.png" x="0" y="186" width="56" height="93"/>
	<SubTexture name="runeBlue_slabOutline_035.png" x="0" y="93" width="56" height="93"/>
	<SubTexture name="runeBlue_slabOutline_036.png" x="0" y="0" width="56" height="93"/>
</TextureAtlas>