<TextureAtlas imagePath="sprites.png">
	<SubTexture name="runeGrey_rectangle_001.png" x="150" y="172" width="50" height="86"/>
	<SubTexture name="runeGrey_rectangle_002.png" x="300" y="344" width="50" height="86"/>
	<SubTexture name="runeGrey_rectangle_003.png" x="300" y="258" width="50" height="86"/>
	<SubTexture name="runeGrey_rectangle_004.png" x="300" y="172" width="50" height="86"/>
	<SubTexture name="runeGrey_rectangle_005.png" x="300" y="86" width="50" height="86"/>
	<SubTexture name="runeGrey_rectangle_006.png" x="300" y="0" width="50" height="86"/>
	<SubTexture name="runeGrey_rectangle_007.png" x="250" y="344" width="50" height="86"/>
	<SubTexture name="runeGrey_rectangle_008.png" x="250" y="258" width="50" height="86"/>
	<SubTexture name="runeGrey_rectangle_009.png" x="250" y="172" width="50" height="86"/>
	<SubTexture name="runeGrey_rectangle_010.png" x="250" y="86" width="50" height="86"/>
	<SubTexture name="runeGrey_rectangle_011.png" x="250" y="0" width="50" height="86"/>
	<SubTexture name="runeGrey_rectangle_012.png" x="200" y="344" width="50" height="86"/>
	<SubTexture name="runeGrey_rectangle_013.png" x="200" y="258" width="50" height="86"/>
	<SubTexture name="runeGrey_rectangle_014.png" x="200" y="172" width="50" height="86"/>
	<SubTexture name="runeGrey_rectangle_015.png" x="200" y="86" width="50" height="86"/>
	<SubTexture name="runeGrey_rectangle_016.png" x="200" y="0" width="50" height="86"/>
	<SubTexture name="runeGrey_rectangle_017.png" x="150" y="344" width="50" height="86"/>
	<SubTexture name="runeGrey_rectangle_018.png" x="150" y="258" width="50" height="86"/>
	<SubTexture name="runeGrey_rectangle_019.png" x="350" y="0" width="50" height="86"/>
	<SubTexture name="runeGrey_rectangle_020.png" x="150" y="86" width="50" height="86"/>
	<SubTexture name="runeGrey_rectangle_021.png" x="150" y="0" width="50" height="86"/>
	<SubTexture name="runeGrey_rectangle_022.png" x="100" y="344" width="50" height="86"/>
	<SubTexture name="runeGrey_rectangle_023.png" x="100" y="258" width="50" height="86"/>
	<SubTexture name="runeGrey_rectangle_024.png" x="100" y="172" width="50" height="86"/>
	<SubTexture name="runeGrey_rectangle_025.png" x="100" y="86" width="50" height="86"/>
	<SubTexture name="runeGrey_rectangle_026.png" x="100" y="0" width="50" height="86"/>
	<SubTexture name="runeGrey_rectangle_027.png" x="50" y="344" width="50" height="86"/>
	<SubTexture name="runeGrey_rectangle_028.png" x="50" y="258" width="50" height="86"/>
	<SubTexture name="runeGrey_rectangle_029.png" x="50" y="172" width="50" height="86"/>
	<SubTexture name="runeGrey_rectangle_030.png" x="50" y="86" width="50" height="86"/>
	<SubTexture name="runeGrey_rectangle_031.png" x="50" y="0" width="50" height="86"/>
	<SubTexture name="runeGrey_rectangle_032.png" x="0" y="344" width="50" height="86"/>
	<SubTexture name="runeGrey_rectangle_033.png" x="0" y="258" width="50" height="86"/>
	<SubTexture name="runeGrey_rectangle_034.png" x="0" y="172" width="50" height="86"/>
	<SubTexture name="runeGrey_rectangle_035.png" x="0" y="86" width="50" height="86"/>
	<SubTexture name="runeGrey_rectangle_036.png" x="0" y="0" width="50" height="86"/>
</TextureAtlas>